project_name,workflow_file,job_name,default_branch
sreeya12/OpenPDF,maven.yml,build,os-expansion-experiment
sreeya12/curator,ci.yml,build,os-expansion-experiment
sreeya12/jedis,unit-tests.yml,unit-tests,os-expansion-experiment
sreeya12/bytecode-viewer,maven.yml,build,os-expansion-experiment
sreeya12/netty-socketio,build-pr.yml,build,os-expansion-experiment
sreeya12/joda-time,build.yml,build,os-expansion-experiment
sreeya12/fesod,ci.yml,test,os-expansion-experiment
sreeya12/graphhopper,build.yml,build,os-expansion-experiment
sreeya12/jjwt,ci.yml,oracle,os-expansion-experiment
